# new format
# column 1: Requirement DOC ID
# column 2: Title
# column 3: Scope
# column 4: Type -> see file cfg/const.inc.php TL_REQ_TYPE_*
# column 5: Status -> see file cfg/const.inc.php TL_REQ_STATUS_*
# column 6: expected_coverage
# column 7: order -> inside the set of req been imported
#
# DOCID , TITLE, SCOPE, TYPE, STATUS, EXPCOV, ORDER
TENG-0001,Terrestrial Propulsor,Scope For Terrestrial,1,V,3,2
TENG-0002,Main Deflector,"<p>Main deflector bla, bla, bla.</p>",2,V,1,4
TENG-0004,Main Deflector 3,,6,V,1,1
